0000000991,scans,0000000052,DataLength
"header",0000000040,"lines"
"Date",02/12/2019,"Time",10:26:13
"ID","EQP HIGH ENERGY #15031","Version",3
"Scans",1
"Scan ID","Mode","Input","Scanned","Start","Stop","Increment","Dwell","Settle","RS","RelSEM"
"Scan 1","RGA","SEM","mass",1.00,100.00,0.10,10.000%,100.000%,1.000000,1.000000,
"Environment",
"Global","RGA"
"1st-dynode",-3500,"V"
"CRV_range",7,"c/s"
"CRV_resolution",6,"bits"
"D.C.quad",6,"%"
"F1",1,"( 1 = on, 0 = off )"
"F2",0,"( 1 = on, 0 = off )"
"axis",-40.0,"V"
"cage",3.0,"V"
"delta-m",0,"%"
"discriminator",-10,"%"
"electron-energy",15.0,"V"
"emission",10.0000,"uA"
"energy",3.15,"V"
"extractor",0,"V"
"focus2",-354,"V"
"gate_delay",0.1,"uS"
"gate_width",0.0,"uS"
"gating",0,"( 1 = on, 0 = off )"
"gating_invert",0,"( 0 = normal, 1 = invert)"
"horiz",16,"%"
"lens1",0,"V"
"lens2",-100,"V"
"mass",20.00,"amu"
"mode-change-delay",1000,"ms"
"multiplier",1900,"V"
"plates",7.27,"V"
"reference",0.0,"V"
"resolution",0,"%"
"suppressor",-200,"V"
"transit-energy",3.00,"V"
"vert",24,"%"
"Data",1
"Cycle","Time","ms","mass amu","SEM c/s"
0000000001,00:00:01,0000001452,    1.00,         0
0000000001,00:00:01,0000001452,    1.10,         0
0000000001,00:00:01,0000001452,    1.20,         0
0000000001,00:00:01,0000001452,    1.30,         0
0000000001,00:00:01,0000001452,    1.40,         0
0000000001,00:00:01,0000001452,    1.50,         0
0000000001,00:00:01,0000001452,    1.60,         0
0000000001,00:00:01,0000001452,    1.70,         0
0000000001,00:00:01,0000001452,    1.80,         0
0000000001,00:00:01,0000001452,    1.90,         0
0000000001,00:00:01,0000001452,    2.00,         0
0000000001,00:00:01,0000001452,    2.10,         0
0000000001,00:00:01,0000001452,    2.20,         0
0000000001,00:00:01,0000001452,    2.30,         0
0000000001,00:00:01,0000001452,    2.40,         0
0000000001,00:00:01,0000001452,    2.50,         0
0000000001,00:00:01,0000001452,    2.60,         0
0000000001,00:00:01,0000001452,    2.70,         0
0000000001,00:00:01,0000001452,    2.80,         0
0000000001,00:00:01,0000001452,    2.90,         0
0000000001,00:00:01,0000001452,    3.00,         0
0000000001,00:00:01,0000001452,    3.10,         0
0000000001,00:00:01,0000001452,    3.20,         0
0000000001,00:00:01,0000001452,    3.30,         0
0000000001,00:00:01,0000001452,    3.40,         0
0000000001,00:00:01,0000001452,    3.50,         0
0000000001,00:00:01,0000001452,    3.60,         0
0000000001,00:00:01,0000001452,    3.70,         0
0000000001,00:00:01,0000001452,    3.80,         0
0000000001,00:00:01,0000001452,    3.90,         0
0000000001,00:00:01,0000001452,    4.00,         0
0000000001,00:00:01,0000001452,    4.10,         0
0000000001,00:00:01,0000001452,    4.20,         0
0000000001,00:00:01,0000001452,    4.30,         0
0000000001,00:00:01,0000001452,    4.40,         0
0000000001,00:00:01,0000001452,    4.50,         0
0000000001,00:00:01,0000001452,    4.60,         0
0000000001,00:00:01,0000001452,    4.70,         0
0000000001,00:00:01,0000001452,    4.80,         0
0000000001,00:00:01,0000001452,    4.90,         0
0000000001,00:00:01,0000001452,    5.00,         0
0000000001,00:00:01,0000001452,    5.10,         0
0000000001,00:00:01,0000001452,    5.20,         0
0000000001,00:00:01,0000001452,    5.30,         0
0000000001,00:00:01,0000001452,    5.40,         0
0000000001,00:00:01,0000001452,    5.50,         0
0000000001,00:00:01,0000001452,    5.60,         0
0000000001,00:00:01,0000001452,    5.70,         0
0000000001,00:00:01,0000001452,    5.80,         0
0000000001,00:00:01,0000001452,    5.90,         0
0000000001,00:00:01,0000001452,    6.00,         0
0000000001,00:00:01,0000001452,    6.10,         0
0000000001,00:00:01,0000001452,    6.20,         0
0000000001,00:00:01,0000001452,    6.30,         0
0000000001,00:00:01,0000001452,    6.40,         0
0000000001,00:00:01,0000001452,    6.50,         0
0000000001,00:00:01,0000001452,    6.60,         0
0000000001,00:00:01,0000001452,    6.70,         0
0000000001,00:00:01,0000001452,    6.80,         0
0000000001,00:00:01,0000001452,    6.90,         0
0000000001,00:00:01,0000001452,    7.00,         0
0000000001,00:00:01,0000001452,    7.10,         0
0000000001,00:00:01,0000001452,    7.20,         0
0000000001,00:00:01,0000001452,    7.30,         0
0000000001,00:00:01,0000001452,    7.40,         0
0000000001,00:00:01,0000001452,    7.50,         0
0000000001,00:00:01,0000001452,    7.60,         0
0000000001,00:00:01,0000001452,    7.70,         0
0000000001,00:00:01,0000001452,    7.80,         0
0000000001,00:00:01,0000001452,    7.90,         0
0000000001,00:00:01,0000001452,    8.00,         0
0000000001,00:00:01,0000001452,    8.10,         0
0000000001,00:00:01,0000001452,    8.20,         0
0000000001,00:00:01,0000001452,    8.30,         0
0000000001,00:00:01,0000001452,    8.40,         0
0000000001,00:00:01,0000001452,    8.50,         0
0000000001,00:00:01,0000001452,    8.60,         0
0000000001,00:00:01,0000001452,    8.70,         0
0000000001,00:00:01,0000001452,    8.80,         0
0000000001,00:00:01,0000001452,    8.90,         0
0000000001,00:00:01,0000001452,    9.00,         0
0000000001,00:00:01,0000001452,    9.10,         0
0000000001,00:00:01,0000001452,    9.20,         0
0000000001,00:00:01,0000001452,    9.30,         0
0000000001,00:00:01,0000001452,    9.40,         0
0000000001,00:00:01,0000001452,    9.50,         0
0000000001,00:00:01,0000001452,    9.60,         0
0000000001,00:00:01,0000001452,    9.70,         0
0000000001,00:00:01,0000001452,    9.80,         0
0000000001,00:00:01,0000001452,    9.90,         0
0000000001,00:00:01,0000001452,   10.00,         0
0000000001,00:00:01,0000001452,   10.10,         0
0000000001,00:00:01,0000001452,   10.20,         0
0000000001,00:00:01,0000001452,   10.30,         0
0000000001,00:00:01,0000001452,   10.40,         0
0000000001,00:00:01,0000001452,   10.50,         0
0000000001,00:00:01,0000001452,   10.60,         0
0000000001,00:00:01,0000001452,   10.70,         0
0000000001,00:00:01,0000001452,   10.80,         0
0000000001,00:00:01,0000001452,   10.90,         0
0000000001,00:00:01,0000001452,   11.00,         0
0000000001,00:00:01,0000001452,   11.10,         0
0000000001,00:00:01,0000001452,   11.20,         0
0000000001,00:00:01,0000001452,   11.30,         0
0000000001,00:00:01,0000001452,   11.40,         0
0000000001,00:00:01,0000001452,   11.50,         0
0000000001,00:00:01,0000001452,   11.60,         0
0000000001,00:00:01,0000001452,   11.70,         0
0000000001,00:00:01,0000001452,   11.80,         0
0000000001,00:00:01,0000001452,   11.90,         0
0000000001,00:00:01,0000001452,   12.00,         0
0000000001,00:00:01,0000001452,   12.10,         0
0000000001,00:00:01,0000001452,   12.20,         0
0000000001,00:00:01,0000001452,   12.30,         0
0000000001,00:00:01,0000001452,   12.40,         0
0000000001,00:00:01,0000001452,   12.50,         0
0000000001,00:00:01,0000001452,   12.60,         0
0000000001,00:00:01,0000001452,   12.70,         0
0000000001,00:00:01,0000001452,   12.80,         0
0000000001,00:00:01,0000001452,   12.90,         0
0000000001,00:00:01,0000001452,   13.00,         0
0000000001,00:00:01,0000001452,   13.10,         0
0000000001,00:00:01,0000001452,   13.20,         0
0000000001,00:00:01,0000001452,   13.30,         0
0000000001,00:00:01,0000001452,   13.40,         0
0000000001,00:00:01,0000001452,   13.50,         0
0000000001,00:00:01,0000001452,   13.60,         0
0000000001,00:00:01,0000001452,   13.70,         0
0000000001,00:00:01,0000001452,   13.80,         0
0000000001,00:00:01,0000001452,   13.90,         0
0000000001,00:00:01,0000001452,   14.00,         0
0000000001,00:00:01,0000001452,   14.10,         0
0000000001,00:00:01,0000001452,   14.20,         0
0000000001,00:00:01,0000001452,   14.30,         0
0000000001,00:00:01,0000001452,   14.40,         0
0000000001,00:00:01,0000001452,   14.50,         0
0000000001,00:00:01,0000001452,   14.60,         0
0000000001,00:00:01,0000001452,   14.70,         0
0000000001,00:00:01,0000001452,   14.80,         0
0000000001,00:00:01,0000001452,   14.90,         0
0000000001,00:00:01,0000001452,   15.00,         0
0000000001,00:00:01,0000001452,   15.10,         0
0000000001,00:00:01,0000001452,   15.20,         0
0000000001,00:00:01,0000001452,   15.30,         0
0000000001,00:00:01,0000001452,   15.40,         0
0000000001,00:00:01,0000001452,   15.50,         0
0000000001,00:00:01,0000001452,   15.60,         0
0000000001,00:00:01,0000001452,   15.70,         0
0000000001,00:00:01,0000001452,   15.80,         0
0000000001,00:00:01,0000001452,   15.90,         0
0000000001,00:00:01,0000001452,   16.00,         0
0000000001,00:00:01,0000001452,   16.10,         0
0000000001,00:00:01,0000001452,   16.20,         0
0000000001,00:00:01,0000001452,   16.30,         0
0000000001,00:00:01,0000001452,   16.40,         0
0000000001,00:00:01,0000001452,   16.50,         0
0000000001,00:00:01,0000001452,   16.60,         0
0000000001,00:00:01,0000001452,   16.70,         0
0000000001,00:00:01,0000001452,   16.80,         0
0000000001,00:00:01,0000001452,   16.90,         0
0000000001,00:00:01,0000001452,   17.00,         0
0000000001,00:00:01,0000001452,   17.10,         0
0000000001,00:00:01,0000001452,   17.20,         0
0000000001,00:00:01,0000001452,   17.30,         0
0000000001,00:00:01,0000001452,   17.40,         0
0000000001,00:00:01,0000001452,   17.50,         0
0000000001,00:00:01,0000001452,   17.60,         0
0000000001,00:00:01,0000001452,   17.70,         0
0000000001,00:00:01,0000001452,   17.80,         0
0000000001,00:00:01,0000001452,   17.90,      2000
0000000001,00:00:01,0000001452,   18.00,         0
0000000001,00:00:01,0000001452,   18.10,         0
0000000001,00:00:01,0000001452,   18.20,         0
0000000001,00:00:01,0000001452,   18.30,         0
0000000001,00:00:01,0000001452,   18.40,         0
0000000001,00:00:01,0000001452,   18.50,         0
0000000001,00:00:01,0000001452,   18.60,         0
0000000001,00:00:01,0000001452,   18.70,         0
0000000001,00:00:01,0000001452,   18.80,         0
0000000001,00:00:01,0000001452,   18.90,         0
0000000001,00:00:01,0000001452,   19.00,         0
0000000001,00:00:01,0000001452,   19.10,         0
0000000001,00:00:01,0000001452,   19.20,         0
0000000001,00:00:01,0000001452,   19.30,         0
0000000001,00:00:01,0000001452,   19.40,         0
0000000001,00:00:01,0000001452,   19.50,         0
0000000001,00:00:01,0000001452,   19.60,         0
0000000001,00:00:01,0000001452,   19.70,         0
0000000001,00:00:01,0000001452,   19.80,         0
0000000001,00:00:01,0000001452,   19.90,         0
0000000001,00:00:01,0000001452,   20.00,         0
0000000001,00:00:01,0000001452,   20.10,         0
0000000001,00:00:01,0000001452,   20.20,         0
0000000001,00:00:01,0000001452,   20.30,         0
0000000001,00:00:01,0000001452,   20.40,         0
0000000001,00:00:01,0000001452,   20.50,         0
0000000001,00:00:01,0000001452,   20.60,         0
0000000001,00:00:01,0000001452,   20.70,         0
0000000001,00:00:01,0000001452,   20.80,         0
0000000001,00:00:01,0000001452,   20.90,         0
0000000001,00:00:01,0000001452,   21.00,         0
0000000001,00:00:01,0000001452,   21.10,         0
0000000001,00:00:01,0000001452,   21.20,         0
0000000001,00:00:01,0000001452,   21.30,         0
0000000001,00:00:01,0000001452,   21.40,         0
0000000001,00:00:01,0000001452,   21.50,         0
0000000001,00:00:01,0000001452,   21.60,         0
0000000001,00:00:01,0000001452,   21.70,         0
0000000001,00:00:01,0000001452,   21.80,         0
0000000001,00:00:01,0000001452,   21.90,         0
0000000001,00:00:01,0000001452,   22.00,         0
0000000001,00:00:01,0000001452,   22.10,         0
0000000001,00:00:01,0000001452,   22.20,         0
0000000001,00:00:01,0000001452,   22.30,         0
0000000001,00:00:01,0000001452,   22.40,         0
0000000001,00:00:01,0000001452,   22.50,         0
0000000001,00:00:01,0000001452,   22.60,         0
0000000001,00:00:01,0000001452,   22.70,         0
0000000001,00:00:01,0000001452,   22.80,         0
0000000001,00:00:01,0000001452,   22.90,         0
0000000001,00:00:01,0000001452,   23.00,         0
0000000001,00:00:01,0000001452,   23.10,         0
0000000001,00:00:01,0000001452,   23.20,         0
0000000001,00:00:01,0000001452,   23.30,         0
0000000001,00:00:01,0000001452,   23.40,         0
0000000001,00:00:01,0000001452,   23.50,         0
0000000001,00:00:01,0000001452,   23.60,         0
0000000001,00:00:01,0000001452,   23.70,         0
0000000001,00:00:01,0000001452,   23.80,         0
0000000001,00:00:01,0000001452,   23.90,         0
0000000001,00:00:01,0000001452,   24.00,         0
0000000001,00:00:01,0000001452,   24.10,         0
0000000001,00:00:01,0000001452,   24.20,         0
0000000001,00:00:01,0000001452,   24.30,         0
0000000001,00:00:01,0000001452,   24.40,         0
0000000001,00:00:01,0000001452,   24.50,         0
0000000001,00:00:01,0000001452,   24.60,         0
0000000001,00:00:01,0000001452,   24.70,         0
0000000001,00:00:01,0000001452,   24.80,         0
0000000001,00:00:01,0000001452,   24.90,         0
0000000001,00:00:01,0000001452,   25.00,         0
0000000001,00:00:01,0000001452,   25.10,         0
0000000001,00:00:01,0000001452,   25.20,         0
0000000001,00:00:01,0000001452,   25.30,         0
0000000001,00:00:01,0000001452,   25.40,         0
0000000001,00:00:01,0000001452,   25.50,         0
0000000001,00:00:01,0000001452,   25.60,         0
0000000001,00:00:01,0000001452,   25.70,         0
0000000001,00:00:01,0000001452,   25.80,         0
0000000001,00:00:01,0000001452,   25.90,         0
0000000001,00:00:01,0000001452,   26.00,         0
0000000001,00:00:01,0000001452,   26.10,      1000
0000000001,00:00:01,0000001452,   26.20,         0
0000000001,00:00:01,0000001452,   26.30,         0
0000000001,00:00:01,0000001452,   26.40,         0
0000000001,00:00:01,0000001452,   26.50,         0
0000000001,00:00:01,0000001452,   26.60,         0
0000000001,00:00:01,0000001452,   26.70,         0
0000000001,00:00:01,0000001452,   26.80,         0
0000000001,00:00:01,0000001452,   26.90,         0
0000000001,00:00:01,0000001452,   27.00,         0
0000000001,00:00:01,0000001452,   27.10,         0
0000000001,00:00:01,0000001452,   27.20,         0
0000000001,00:00:01,0000001452,   27.30,         0
0000000001,00:00:01,0000001452,   27.40,         0
0000000001,00:00:01,0000001452,   27.50,         0
0000000001,00:00:01,0000001452,   27.60,         0
0000000001,00:00:01,0000001452,   27.70,     10000
0000000001,00:00:01,0000001452,   27.80,      8000
0000000001,00:00:01,0000001452,   27.90,      7000
0000000001,00:00:01,0000001452,   28.00,      9000
0000000001,00:00:01,0000001452,   28.10,      5000
0000000001,00:00:01,0000001452,   28.20,     10000
0000000001,00:00:01,0000001452,   28.30,      4000
0000000001,00:00:01,0000001452,   28.40,      3000
0000000001,00:00:01,0000001452,   28.50,         0
0000000001,00:00:01,0000001452,   28.60,         0
0000000001,00:00:01,0000001452,   28.70,         0
0000000001,00:00:01,0000001452,   28.80,      3000
0000000001,00:00:01,0000001452,   28.90,      1000
0000000001,00:00:01,0000001452,   29.00,      1000
0000000001,00:00:01,0000001452,   29.10,      6000
0000000001,00:00:01,0000001452,   29.20,      6000
0000000001,00:00:01,0000001452,   29.30,      2000
0000000001,00:00:01,0000001452,   29.40,      3000
0000000001,00:00:01,0000001452,   29.50,         0
0000000001,00:00:01,0000001452,   29.60,      1000
0000000001,00:00:01,0000001452,   29.70,      9000
0000000001,00:00:01,0000001452,   29.80,      2000
0000000001,00:00:01,0000001452,   29.90,     18000
0000000001,00:00:01,0000001452,   30.00,     13000
0000000001,00:00:01,0000001452,   30.10,     18000
0000000001,00:00:01,0000001452,   30.20,     16000
0000000001,00:00:01,0000001452,   30.30,     16000
0000000001,00:00:01,0000001452,   30.40,      9000
0000000001,00:00:01,0000001452,   30.50,         0
0000000001,00:00:01,0000001452,   30.60,         0
0000000001,00:00:01,0000001452,   30.70,         0
0000000001,00:00:01,0000001452,   30.80,         0
0000000001,00:00:01,0000001452,   30.90,         0
0000000001,00:00:01,0000001452,   31.00,         0
0000000001,00:00:01,0000001452,   31.10,         0
0000000001,00:00:01,0000001452,   31.20,         0
0000000001,00:00:01,0000001452,   31.30,         0
0000000001,00:00:01,0000001452,   31.40,         0
0000000001,00:00:01,0000001452,   31.50,         0
0000000001,00:00:01,0000001452,   31.60,         0
0000000001,00:00:01,0000001452,   31.70,         0
0000000001,00:00:01,0000001452,   31.80,         0
0000000001,00:00:01,0000001452,   31.90,         0
0000000001,00:00:01,0000001452,   32.00,         0
0000000001,00:00:01,0000001452,   32.10,         0
0000000001,00:00:01,0000001452,   32.20,      1000
0000000001,00:00:01,0000001452,   32.30,         0
0000000001,00:00:01,0000001452,   32.40,      4000
0000000001,00:00:01,0000001452,   32.50,         0
0000000001,00:00:01,0000001452,   32.60,         0
0000000001,00:00:01,0000001452,   32.70,         0
0000000001,00:00:01,0000001452,   32.80,         0
0000000001,00:00:01,0000001452,   32.90,         0
0000000001,00:00:01,0000001452,   33.00,         0
0000000001,00:00:01,0000001452,   33.10,         0
0000000001,00:00:01,0000001452,   33.20,         0
0000000001,00:00:01,0000001452,   33.30,         0
0000000001,00:00:01,0000001452,   33.40,         0
0000000001,00:00:01,0000001452,   33.50,         0
0000000001,00:00:01,0000001452,   33.60,         0
0000000001,00:00:01,0000001452,   33.70,         0
0000000001,00:00:01,0000001452,   33.80,         0
0000000001,00:00:01,0000001452,   33.90,         0
0000000001,00:00:01,0000001452,   34.00,         0
0000000001,00:00:01,0000001452,   34.10,         0
0000000001,00:00:01,0000001452,   34.20,         0
0000000001,00:00:01,0000001452,   34.30,         0
0000000001,00:00:01,0000001452,   34.40,         0
0000000001,00:00:01,0000001452,   34.50,         0
0000000001,00:00:01,0000001452,   34.60,         0
0000000001,00:00:01,0000001452,   34.70,         0
0000000001,00:00:01,0000001452,   34.80,         0
0000000001,00:00:01,0000001452,   34.90,         0
0000000001,00:00:01,0000001452,   35.00,         0
0000000001,00:00:01,0000001452,   35.10,         0
0000000001,00:00:01,0000001452,   35.20,         0
0000000001,00:00:01,0000001452,   35.30,         0
0000000001,00:00:01,0000001452,   35.40,         0
0000000001,00:00:01,0000001452,   35.50,         0
0000000001,00:00:01,0000001452,   35.60,         0
0000000001,00:00:01,0000001452,   35.70,         0
0000000001,00:00:01,0000001452,   35.80,         0
0000000001,00:00:01,0000001452,   35.90,         0
0000000001,00:00:01,0000001452,   36.00,         0
0000000001,00:00:01,0000001452,   36.10,         0
0000000001,00:00:01,0000001452,   36.20,         0
0000000001,00:00:01,0000001452,   36.30,         0
0000000001,00:00:01,0000001452,   36.40,         0
0000000001,00:00:01,0000001452,   36.50,         0
0000000001,00:00:01,0000001452,   36.60,         0
0000000001,00:00:01,0000001452,   36.70,         0
0000000001,00:00:01,0000001452,   36.80,         0
0000000001,00:00:01,0000001452,   36.90,         0
0000000001,00:00:01,0000001452,   37.00,         0
0000000001,00:00:01,0000001452,   37.10,         0
0000000001,00:00:01,0000001452,   37.20,         0
0000000001,00:00:01,0000001452,   37.30,         0
0000000001,00:00:01,0000001452,   37.40,         0
0000000001,00:00:01,0000001452,   37.50,         0
0000000001,00:00:01,0000001452,   37.60,         0
0000000001,00:00:01,0000001452,   37.70,         0
0000000001,00:00:01,0000001452,   37.80,         0
0000000001,00:00:01,0000001452,   37.90,         0
0000000001,00:00:01,0000001452,   38.00,         0
0000000001,00:00:01,0000001452,   38.10,         0
0000000001,00:00:01,0000001452,   38.20,         0
0000000001,00:00:01,0000001452,   38.30,         0
0000000001,00:00:01,0000001452,   38.40,         0
0000000001,00:00:01,0000001452,   38.50,         0
0000000001,00:00:01,0000001452,   38.60,         0
0000000001,00:00:01,0000001452,   38.70,         0
0000000001,00:00:01,0000001452,   38.80,         0
0000000001,00:00:01,0000001452,   38.90,         0
0000000001,00:00:01,0000001452,   39.00,         0
0000000001,00:00:01,0000001452,   39.10,         0
0000000001,00:00:01,0000001452,   39.20,         0
0000000001,00:00:01,0000001452,   39.30,         0
0000000001,00:00:01,0000001452,   39.40,         0
0000000001,00:00:01,0000001452,   39.50,         0
0000000001,00:00:01,0000001452,   39.60,         0
0000000001,00:00:01,0000001452,   39.70,         0
0000000001,00:00:01,0000001452,   39.80,         0
0000000001,00:00:01,0000001452,   39.90,      1000
0000000001,00:00:01,0000001452,   40.00,         0
0000000001,00:00:01,0000001452,   40.10,         0
0000000001,00:00:01,0000001452,   40.20,      1000
0000000001,00:00:01,0000001452,   40.30,         0
0000000001,00:00:01,0000001452,   40.40,         0
0000000001,00:00:01,0000001452,   40.50,         0
0000000001,00:00:01,0000001452,   40.60,         0
0000000001,00:00:01,0000001452,   40.70,         0
0000000001,00:00:01,0000001452,   40.80,         0
0000000001,00:00:01,0000001452,   40.90,         0
0000000001,00:00:01,0000001452,   41.00,         0
0000000001,00:00:01,0000001452,   41.10,      1000
0000000001,00:00:01,0000001452,   41.20,         0
0000000001,00:00:01,0000001452,   41.30,         0
0000000001,00:00:01,0000001452,   41.40,         0
0000000001,00:00:01,0000001452,   41.50,         0
0000000001,00:00:01,0000001452,   41.60,         0
0000000001,00:00:01,0000001452,   41.70,         0
0000000001,00:00:01,0000001452,   41.80,         0
0000000001,00:00:01,0000001452,   41.90,         0
0000000001,00:00:01,0000001452,   42.00,         0
0000000001,00:00:01,0000001452,   42.10,         0
0000000001,00:00:01,0000001452,   42.20,         0
0000000001,00:00:01,0000001452,   42.30,      1000
0000000001,00:00:01,0000001452,   42.40,         0
0000000001,00:00:01,0000001452,   42.50,         0
0000000001,00:00:01,0000001452,   42.60,         0
0000000001,00:00:01,0000001452,   42.70,         0
0000000001,00:00:01,0000001452,   42.80,         0
0000000001,00:00:01,0000001452,   42.90,         0
0000000001,00:00:01,0000001452,   43.00,         0
0000000001,00:00:01,0000001452,   43.10,         0
0000000001,00:00:01,0000001452,   43.20,         0
0000000001,00:00:01,0000001452,   43.30,         0
0000000001,00:00:01,0000001452,   43.40,         0
0000000001,00:00:01,0000001452,   43.50,         0
0000000001,00:00:01,0000001452,   43.60,         0
0000000001,00:00:01,0000001452,   43.70,         0
0000000001,00:00:01,0000001452,   43.80,         0
0000000001,00:00:01,0000001452,   43.90,         0
0000000001,00:00:01,0000001452,   44.00,         0
0000000001,00:00:01,0000001452,   44.10,         0
0000000001,00:00:01,0000001452,   44.20,         0
0000000001,00:00:01,0000001452,   44.30,         0
0000000001,00:00:01,0000001452,   44.40,         0
0000000001,00:00:01,0000001452,   44.50,         0
0000000001,00:00:01,0000001452,   44.60,         0
0000000001,00:00:01,0000001452,   44.70,         0
0000000001,00:00:01,0000001452,   44.80,         0
0000000001,00:00:01,0000001452,   44.90,         0
0000000001,00:00:01,0000001452,   45.00,         0
0000000001,00:00:01,0000001452,   45.10,         0
0000000001,00:00:01,0000001452,   45.20,         0
0000000001,00:00:01,0000001452,   45.30,         0
0000000001,00:00:01,0000001452,   45.40,         0
0000000001,00:00:01,0000001452,   45.50,         0
0000000001,00:00:01,0000001452,   45.60,         0
0000000001,00:00:01,0000001452,   45.70,         0
0000000001,00:00:01,0000001452,   45.80,         0
0000000001,00:00:01,0000001452,   45.90,         0
0000000001,00:00:01,0000001452,   46.00,         0
0000000001,00:00:01,0000001452,   46.10,         0
0000000001,00:00:01,0000001452,   46.20,         0
0000000001,00:00:01,0000001452,   46.30,         0
0000000001,00:00:01,0000001452,   46.40,         0
0000000001,00:00:01,0000001452,   46.50,         0
0000000001,00:00:01,0000001452,   46.60,         0
0000000001,00:00:01,0000001452,   46.70,         0
0000000001,00:00:01,0000001452,   46.80,         0
0000000001,00:00:01,0000001452,   46.90,         0
0000000001,00:00:01,0000001452,   47.00,         0
0000000001,00:00:01,0000001452,   47.10,         0
0000000001,00:00:01,0000001452,   47.20,         0
0000000001,00:00:01,0000001452,   47.30,         0
0000000001,00:00:01,0000001452,   47.40,         0
0000000001,00:00:01,0000001452,   47.50,         0
0000000001,00:00:01,0000001452,   47.60,         0
0000000001,00:00:01,0000001452,   47.70,         0
0000000001,00:00:01,0000001452,   47.80,         0
0000000001,00:00:01,0000001452,   47.90,         0
0000000001,00:00:01,0000001452,   48.00,         0
0000000001,00:00:01,0000001452,   48.10,         0
0000000001,00:00:01,0000001452,   48.20,         0
0000000001,00:00:01,0000001452,   48.30,         0
0000000001,00:00:01,0000001452,   48.40,         0
0000000001,00:00:01,0000001452,   48.50,         0
0000000001,00:00:01,0000001452,   48.60,         0
0000000001,00:00:01,0000001452,   48.70,         0
0000000001,00:00:01,0000001452,   48.80,         0
0000000001,00:00:01,0000001452,   48.90,         0
0000000001,00:00:01,0000001452,   49.00,         0
0000000001,00:00:01,0000001452,   49.10,         0
0000000001,00:00:01,0000001452,   49.20,         0
0000000001,00:00:01,0000001452,   49.30,         0
0000000001,00:00:01,0000001452,   49.40,         0
0000000001,00:00:01,0000001452,   49.50,         0
0000000001,00:00:01,0000001452,   49.60,         0
0000000001,00:00:01,0000001452,   49.70,         0
0000000001,00:00:01,0000001452,   49.80,         0
0000000001,00:00:01,0000001452,   49.90,         0
0000000001,00:00:01,0000001452,   50.00,         0
0000000001,00:00:01,0000001452,   50.10,         0
0000000001,00:00:01,0000001452,   50.20,         0
0000000001,00:00:01,0000001452,   50.30,         0
0000000001,00:00:01,0000001452,   50.40,         0
0000000001,00:00:01,0000001452,   50.50,         0
0000000001,00:00:01,0000001452,   50.60,         0
0000000001,00:00:01,0000001452,   50.70,         0
0000000001,00:00:01,0000001452,   50.80,         0
0000000001,00:00:01,0000001452,   50.90,         0
0000000001,00:00:01,0000001452,   51.00,         0
0000000001,00:00:01,0000001452,   51.10,         0
0000000001,00:00:01,0000001452,   51.20,         0
0000000001,00:00:01,0000001452,   51.30,         0
0000000001,00:00:01,0000001452,   51.40,         0
0000000001,00:00:01,0000001452,   51.50,         0
0000000001,00:00:01,0000001452,   51.60,         0
0000000001,00:00:01,0000001452,   51.70,         0
0000000001,00:00:01,0000001452,   51.80,         0
0000000001,00:00:01,0000001452,   51.90,         0
0000000001,00:00:01,0000001452,   52.00,         0
0000000001,00:00:01,0000001452,   52.10,         0
0000000001,00:00:01,0000001452,   52.20,         0
0000000001,00:00:01,0000001452,   52.30,         0
0000000001,00:00:01,0000001452,   52.40,         0
0000000001,00:00:01,0000001452,   52.50,         0
0000000001,00:00:01,0000001452,   52.60,         0
0000000001,00:00:01,0000001452,   52.70,         0
0000000001,00:00:01,0000001452,   52.80,         0
0000000001,00:00:01,0000001452,   52.90,         0
0000000001,00:00:01,0000001452,   53.00,         0
0000000001,00:00:01,0000001452,   53.10,         0
0000000001,00:00:01,0000001452,   53.20,         0
0000000001,00:00:01,0000001452,   53.30,         0
0000000001,00:00:01,0000001452,   53.40,         0
0000000001,00:00:01,0000001452,   53.50,         0
0000000001,00:00:01,0000001452,   53.60,         0
0000000001,00:00:01,0000001452,   53.70,         0
0000000001,00:00:01,0000001452,   53.80,         0
0000000001,00:00:01,0000001452,   53.90,      1000
0000000001,00:00:01,0000001452,   54.00,      1000
0000000001,00:00:01,0000001452,   54.10,      1000
0000000001,00:00:01,0000001452,   54.20,      2000
0000000001,00:00:01,0000001452,   54.30,         0
0000000001,00:00:01,0000001452,   54.40,      1000
0000000001,00:00:01,0000001452,   54.50,         0
0000000001,00:00:01,0000001452,   54.60,         0
0000000001,00:00:01,0000001452,   54.70,         0
0000000001,00:00:01,0000001452,   54.80,         0
0000000001,00:00:01,0000001452,   54.90,         0
0000000001,00:00:01,0000001452,   55.00,      1000
0000000001,00:00:01,0000001452,   55.10,         0
0000000001,00:00:01,0000001452,   55.20,      1000
0000000001,00:00:01,0000001452,   55.30,      1000
0000000001,00:00:01,0000001452,   55.40,         0
0000000001,00:00:01,0000001452,   55.50,         0
0000000001,00:00:01,0000001452,   55.60,      9000
0000000001,00:00:01,0000001452,   55.70,     70000
0000000001,00:00:01,0000001452,   55.80,     78000
0000000001,00:00:01,0000001452,   55.90,    136000
0000000001,00:00:01,0000001452,   56.00,    130000
0000000001,00:00:01,0000001452,   56.10,    136000
0000000001,00:00:01,0000001452,   56.20,    154000
0000000001,00:00:01,0000001452,   56.30,    154000
0000000001,00:00:01,0000001452,   56.40,    131000
0000000001,00:00:01,0000001452,   56.50,      4000
0000000001,00:00:01,0000001452,   56.60,      4000
0000000001,00:00:01,0000001452,   56.70,     11000
0000000001,00:00:01,0000001452,   56.80,     29000
0000000001,00:00:01,0000001452,   56.90,     27000
0000000001,00:00:01,0000001452,   57.00,     43000
0000000001,00:00:01,0000001452,   57.10,     54000
0000000001,00:00:01,0000001452,   57.20,     61000
0000000001,00:00:01,0000001452,   57.30,     56000
0000000001,00:00:01,0000001452,   57.40,     62000
0000000001,00:00:01,0000001452,   57.50,         0
0000000001,00:00:01,0000001452,   57.60,         0
0000000001,00:00:01,0000001452,   57.70,      2000
0000000001,00:00:01,0000001452,   57.80,      1000
0000000001,00:00:01,0000001452,   57.90,      3000
0000000001,00:00:01,0000001452,   58.00,      1000
0000000001,00:00:01,0000001452,   58.10,      1000
0000000001,00:00:01,0000001452,   58.20,      4000
0000000001,00:00:01,0000001452,   58.30,      2000
0000000001,00:00:01,0000001452,   58.40,      1000
0000000001,00:00:01,0000001452,   58.50,         0
0000000001,00:00:01,0000001452,   58.60,         0
0000000001,00:00:01,0000001452,   58.70,         0
0000000001,00:00:01,0000001452,   58.80,         0
0000000001,00:00:01,0000001452,   58.90,         0
0000000001,00:00:01,0000001452,   59.00,         0
0000000001,00:00:01,0000001452,   59.10,         0
0000000001,00:00:01,0000001452,   59.20,         0
0000000001,00:00:01,0000001452,   59.30,         0
0000000001,00:00:01,0000001452,   59.40,         0
0000000001,00:00:01,0000001452,   59.50,         0
0000000001,00:00:01,0000001452,   59.60,         0
0000000001,00:00:01,0000001452,   59.70,         0
0000000001,00:00:01,0000001452,   59.80,         0
0000000001,00:00:01,0000001452,   59.90,         0
0000000001,00:00:01,0000001452,   60.00,         0
0000000001,00:00:01,0000001452,   60.10,         0
0000000001,00:00:01,0000001452,   60.20,         0
0000000001,00:00:01,0000001452,   60.30,         0
0000000001,00:00:01,0000001452,   60.40,         0
0000000001,00:00:01,0000001452,   60.50,         0
0000000001,00:00:01,0000001452,   60.60,         0
0000000001,00:00:01,0000001452,   60.70,         0
0000000001,00:00:01,0000001452,   60.80,         0
0000000001,00:00:01,0000001452,   60.90,         0
0000000001,00:00:01,0000001452,   61.00,         0
0000000001,00:00:01,0000001452,   61.10,         0
0000000001,00:00:01,0000001452,   61.20,         0
0000000001,00:00:01,0000001452,   61.30,         0
0000000001,00:00:01,0000001452,   61.40,         0
0000000001,00:00:01,0000001452,   61.50,         0
0000000001,00:00:01,0000001452,   61.60,         0
0000000001,00:00:01,0000001452,   61.70,         0
0000000001,00:00:01,0000001452,   61.80,         0
0000000001,00:00:01,0000001452,   61.90,         0
0000000001,00:00:01,0000001452,   62.00,         0
0000000001,00:00:01,0000001452,   62.10,         0
0000000001,00:00:01,0000001452,   62.20,         0
0000000001,00:00:01,0000001452,   62.30,         0
0000000001,00:00:01,0000001452,   62.40,         0
0000000001,00:00:01,0000001452,   62.50,         0
0000000001,00:00:01,0000001452,   62.60,         0
0000000001,00:00:01,0000001452,   62.70,         0
0000000001,00:00:01,0000001452,   62.80,         0
0000000001,00:00:01,0000001452,   62.90,         0
0000000001,00:00:01,0000001452,   63.00,         0
0000000001,00:00:01,0000001452,   63.10,         0
0000000001,00:00:01,0000001452,   63.20,         0
0000000001,00:00:01,0000001452,   63.30,         0
0000000001,00:00:01,0000001452,   63.40,         0
0000000001,00:00:01,0000001452,   63.50,         0
0000000001,00:00:01,0000001452,   63.60,         0
0000000001,00:00:01,0000001452,   63.70,         0
0000000001,00:00:01,0000001452,   63.80,         0
0000000001,00:00:01,0000001452,   63.90,         0
0000000001,00:00:01,0000001452,   64.00,         0
0000000001,00:00:01,0000001452,   64.10,         0
0000000001,00:00:01,0000001452,   64.20,         0
0000000001,00:00:01,0000001452,   64.30,         0
0000000001,00:00:01,0000001452,   64.40,         0
0000000001,00:00:01,0000001452,   64.50,         0
0000000001,00:00:01,0000001452,   64.60,         0
0000000001,00:00:01,0000001452,   64.70,         0
0000000001,00:00:01,0000001452,   64.80,         0
0000000001,00:00:01,0000001452,   64.90,         0
0000000001,00:00:01,0000001452,   65.00,         0
0000000001,00:00:01,0000001452,   65.10,         0
0000000001,00:00:01,0000001452,   65.20,         0
0000000001,00:00:01,0000001452,   65.30,         0
0000000001,00:00:01,0000001452,   65.40,         0
0000000001,00:00:01,0000001452,   65.50,         0
0000000001,00:00:01,0000001452,   65.60,         0
0000000001,00:00:01,0000001452,   65.70,         0
0000000001,00:00:01,0000001452,   65.80,         0
0000000001,00:00:01,0000001452,   65.90,         0
0000000001,00:00:01,0000001452,   66.00,         0
0000000001,00:00:01,0000001452,   66.10,         0
0000000001,00:00:01,0000001452,   66.20,         0
0000000001,00:00:01,0000001452,   66.30,         0
0000000001,00:00:01,0000001452,   66.40,         0
0000000001,00:00:01,0000001452,   66.50,         0
0000000001,00:00:01,0000001452,   66.60,         0
0000000001,00:00:01,0000001452,   66.70,         0
0000000001,00:00:01,0000001452,   66.80,         0
0000000001,00:00:01,0000001452,   66.90,         0
0000000001,00:00:01,0000001452,   67.00,         0
0000000001,00:00:01,0000001452,   67.10,         0
0000000001,00:00:01,0000001452,   67.20,         0
0000000001,00:00:01,0000001452,   67.30,         0
0000000001,00:00:01,0000001452,   67.40,         0
0000000001,00:00:01,0000001452,   67.50,         0
0000000001,00:00:01,0000001452,   67.60,         0
0000000001,00:00:01,0000001452,   67.70,         0
0000000001,00:00:01,0000001452,   67.80,         0
0000000001,00:00:01,0000001452,   67.90,         0
0000000001,00:00:01,0000001452,   68.00,      1000
0000000001,00:00:01,0000001452,   68.10,         0
0000000001,00:00:01,0000001452,   68.20,         0
0000000001,00:00:01,0000001452,   68.30,         0
0000000001,00:00:01,0000001452,   68.40,         0
0000000001,00:00:01,0000001452,   68.50,         0
0000000001,00:00:01,0000001452,   68.60,         0
0000000001,00:00:01,0000001452,   68.70,         0
0000000001,00:00:01,0000001452,   68.80,         0
0000000001,00:00:01,0000001452,   68.90,         0
0000000001,00:00:01,0000001452,   69.00,         0
0000000001,00:00:01,0000001452,   69.10,         0
0000000001,00:00:01,0000001452,   69.20,         0
0000000001,00:00:01,0000001452,   69.30,         0
0000000001,00:00:01,0000001452,   69.40,         0
0000000001,00:00:01,0000001452,   69.50,         0
0000000001,00:00:01,0000001452,   69.60,         0
0000000001,00:00:01,0000001452,   69.70,         0
0000000001,00:00:01,0000001452,   69.80,         0
0000000001,00:00:01,0000001452,   69.90,         0
0000000001,00:00:01,0000001452,   70.00,         0
0000000001,00:00:01,0000001452,   70.10,         0
0000000001,00:00:01,0000001452,   70.20,         0
0000000001,00:00:01,0000001452,   70.30,         0
0000000001,00:00:01,0000001452,   70.40,         0
0000000001,00:00:01,0000001452,   70.50,         0
0000000001,00:00:01,0000001452,   70.60,         0
0000000001,00:00:01,0000001452,   70.70,         0
0000000001,00:00:01,0000001452,   70.80,         0
0000000001,00:00:01,0000001452,   70.90,         0
0000000001,00:00:01,0000001452,   71.00,         0
0000000001,00:00:01,0000001452,   71.10,         0
0000000001,00:00:01,0000001452,   71.20,         0
0000000001,00:00:01,0000001452,   71.30,         0
0000000001,00:00:01,0000001452,   71.40,         0
0000000001,00:00:01,0000001452,   71.50,         0
0000000001,00:00:01,0000001452,   71.60,         0
0000000001,00:00:01,0000001452,   71.70,         0
0000000001,00:00:01,0000001452,   71.80,         0
0000000001,00:00:01,0000001452,   71.90,         0
0000000001,00:00:01,0000001452,   72.00,         0
0000000001,00:00:01,0000001452,   72.10,         0
0000000001,00:00:01,0000001452,   72.20,         0
0000000001,00:00:01,0000001452,   72.30,         0
0000000001,00:00:01,0000001452,   72.40,         0
0000000001,00:00:01,0000001452,   72.50,         0
0000000001,00:00:01,0000001452,   72.60,         0
0000000001,00:00:01,0000001452,   72.70,         0
0000000001,00:00:01,0000001452,   72.80,         0
0000000001,00:00:01,0000001452,   72.90,         0
0000000001,00:00:01,0000001452,   73.00,         0
0000000001,00:00:01,0000001452,   73.10,         0
0000000001,00:00:01,0000001452,   73.20,         0
0000000001,00:00:01,0000001452,   73.30,         0
0000000001,00:00:01,0000001452,   73.40,         0
0000000001,00:00:01,0000001452,   73.50,         0
0000000001,00:00:01,0000001452,   73.60,         0
0000000001,00:00:01,0000001452,   73.70,         0
0000000001,00:00:01,0000001452,   73.80,         0
0000000001,00:00:01,0000001452,   73.90,         0
0000000001,00:00:01,0000001452,   74.00,         0
0000000001,00:00:01,0000001452,   74.10,         0
0000000001,00:00:01,0000001452,   74.20,         0
0000000001,00:00:01,0000001452,   74.30,         0
0000000001,00:00:01,0000001452,   74.40,         0
0000000001,00:00:01,0000001452,   74.50,         0
0000000001,00:00:01,0000001452,   74.60,         0
0000000001,00:00:01,0000001452,   74.70,         0
0000000001,00:00:01,0000001452,   74.80,         0
0000000001,00:00:01,0000001452,   74.90,         0
0000000001,00:00:01,0000001452,   75.00,         0
0000000001,00:00:01,0000001452,   75.10,         0
0000000001,00:00:01,0000001452,   75.20,         0
0000000001,00:00:01,0000001452,   75.30,         0
0000000001,00:00:01,0000001452,   75.40,         0
0000000001,00:00:01,0000001452,   75.50,         0
0000000001,00:00:01,0000001452,   75.60,         0
0000000001,00:00:01,0000001452,   75.70,         0
0000000001,00:00:01,0000001452,   75.80,         0
0000000001,00:00:01,0000001452,   75.90,         0
0000000001,00:00:01,0000001452,   76.00,         0
0000000001,00:00:01,0000001452,   76.10,         0
0000000001,00:00:01,0000001452,   76.20,         0
0000000001,00:00:01,0000001452,   76.30,         0
0000000001,00:00:01,0000001452,   76.40,         0
0000000001,00:00:01,0000001452,   76.50,         0
0000000001,00:00:01,0000001452,   76.60,         0
0000000001,00:00:01,0000001452,   76.70,         0
0000000001,00:00:01,0000001452,   76.80,         0
0000000001,00:00:01,0000001452,   76.90,         0
0000000001,00:00:01,0000001452,   77.00,         0
0000000001,00:00:01,0000001452,   77.10,         0
0000000001,00:00:01,0000001452,   77.20,         0
0000000001,00:00:01,0000001452,   77.30,         0
0000000001,00:00:01,0000001452,   77.40,         0
0000000001,00:00:01,0000001452,   77.50,         0
0000000001,00:00:01,0000001452,   77.60,         0
0000000001,00:00:01,0000001452,   77.70,         0
0000000001,00:00:01,0000001452,   77.80,         0
0000000001,00:00:01,0000001452,   77.90,         0
0000000001,00:00:01,0000001452,   78.00,         0
0000000001,00:00:01,0000001452,   78.10,         0
0000000001,00:00:01,0000001452,   78.20,         0
0000000001,00:00:01,0000001452,   78.30,         0
0000000001,00:00:01,0000001452,   78.40,         0
0000000001,00:00:01,0000001452,   78.50,         0
0000000001,00:00:01,0000001452,   78.60,         0
0000000001,00:00:01,0000001452,   78.70,         0
0000000001,00:00:01,0000001452,   78.80,         0
0000000001,00:00:01,0000001452,   78.90,         0
0000000001,00:00:01,0000001452,   79.00,         0
0000000001,00:00:01,0000001452,   79.10,         0
0000000001,00:00:01,0000001452,   79.20,         0
0000000001,00:00:01,0000001452,   79.30,         0
0000000001,00:00:01,0000001452,   79.40,         0
0000000001,00:00:01,0000001452,   79.50,         0
0000000001,00:00:01,0000001452,   79.60,         0
0000000001,00:00:01,0000001452,   79.70,         0
0000000001,00:00:01,0000001452,   79.80,         0
0000000001,00:00:01,0000001452,   79.90,         0
0000000001,00:00:01,0000001452,   80.00,         0
0000000001,00:00:01,0000001452,   80.10,         0
0000000001,00:00:01,0000001452,   80.20,         0
0000000001,00:00:01,0000001452,   80.30,         0
0000000001,00:00:01,0000001452,   80.40,         0
0000000001,00:00:01,0000001452,   80.50,         0
0000000001,00:00:01,0000001452,   80.60,         0
0000000001,00:00:01,0000001452,   80.70,         0
0000000001,00:00:01,0000001452,   80.80,         0
0000000001,00:00:01,0000001452,   80.90,         0
0000000001,00:00:01,0000001452,   81.00,         0
0000000001,00:00:01,0000001452,   81.10,         0
0000000001,00:00:01,0000001452,   81.20,         0
0000000001,00:00:01,0000001452,   81.30,         0
0000000001,00:00:01,0000001452,   81.40,         0
0000000001,00:00:01,0000001452,   81.50,         0
0000000001,00:00:01,0000001452,   81.60,         0
0000000001,00:00:01,0000001452,   81.70,         0
0000000001,00:00:01,0000001452,   81.80,         0
0000000001,00:00:01,0000001452,   81.90,         0
0000000001,00:00:01,0000001452,   82.00,         0
0000000001,00:00:01,0000001452,   82.10,         0
0000000001,00:00:01,0000001452,   82.20,         0
0000000001,00:00:01,0000001452,   82.30,         0
0000000001,00:00:01,0000001452,   82.40,         0
0000000001,00:00:01,0000001452,   82.50,         0
0000000001,00:00:01,0000001452,   82.60,         0
0000000001,00:00:01,0000001452,   82.70,         0
0000000001,00:00:01,0000001452,   82.80,         0
0000000001,00:00:01,0000001452,   82.90,         0
0000000001,00:00:01,0000001452,   83.00,         0
0000000001,00:00:01,0000001452,   83.10,         0
0000000001,00:00:01,0000001452,   83.20,         0
0000000001,00:00:01,0000001452,   83.30,         0
0000000001,00:00:01,0000001452,   83.40,         0
0000000001,00:00:01,0000001452,   83.50,         0
0000000001,00:00:01,0000001452,   83.60,         0
0000000001,00:00:01,0000001452,   83.70,         0
0000000001,00:00:01,0000001452,   83.80,         0
0000000001,00:00:01,0000001452,   83.90,         0
0000000001,00:00:01,0000001452,   84.00,         0
0000000001,00:00:01,0000001452,   84.10,         0
0000000001,00:00:01,0000001452,   84.20,         0
0000000001,00:00:01,0000001452,   84.30,         0
0000000001,00:00:01,0000001452,   84.40,         0
0000000001,00:00:01,0000001452,   84.50,         0
0000000001,00:00:01,0000001452,   84.60,         0
0000000001,00:00:01,0000001452,   84.70,         0
0000000001,00:00:01,0000001452,   84.80,         0
0000000001,00:00:01,0000001452,   84.90,         0
0000000001,00:00:01,0000001452,   85.00,         0
0000000001,00:00:01,0000001452,   85.10,         0
0000000001,00:00:01,0000001452,   85.20,         0
0000000001,00:00:01,0000001452,   85.30,         0
0000000001,00:00:01,0000001452,   85.40,         0
0000000001,00:00:01,0000001452,   85.50,         0
0000000001,00:00:01,0000001452,   85.60,         0
0000000001,00:00:01,0000001452,   85.70,         0
0000000001,00:00:01,0000001452,   85.80,         0
0000000001,00:00:01,0000001452,   85.90,         0
0000000001,00:00:01,0000001452,   86.00,         0
0000000001,00:00:01,0000001452,   86.10,         0
0000000001,00:00:01,0000001452,   86.20,         0
0000000001,00:00:01,0000001452,   86.30,         0
0000000001,00:00:01,0000001452,   86.40,         0
0000000001,00:00:01,0000001452,   86.50,         0
0000000001,00:00:01,0000001452,   86.60,         0
0000000001,00:00:01,0000001452,   86.70,         0
0000000001,00:00:01,0000001452,   86.80,         0
0000000001,00:00:01,0000001452,   86.90,         0
0000000001,00:00:01,0000001452,   87.00,         0
0000000001,00:00:01,0000001452,   87.10,         0
0000000001,00:00:01,0000001452,   87.20,         0
0000000001,00:00:01,0000001452,   87.30,         0
0000000001,00:00:01,0000001452,   87.40,         0
0000000001,00:00:01,0000001452,   87.50,         0
0000000001,00:00:01,0000001452,   87.60,         0
0000000001,00:00:01,0000001452,   87.70,         0
0000000001,00:00:01,0000001452,   87.80,         0
0000000001,00:00:01,0000001452,   87.90,         0
0000000001,00:00:01,0000001452,   88.00,         0
0000000001,00:00:01,0000001452,   88.10,         0
0000000001,00:00:01,0000001452,   88.20,         0
0000000001,00:00:01,0000001452,   88.30,         0
0000000001,00:00:01,0000001452,   88.40,         0
0000000001,00:00:01,0000001452,   88.50,         0
0000000001,00:00:01,0000001452,   88.60,         0
0000000001,00:00:01,0000001452,   88.70,         0
0000000001,00:00:01,0000001452,   88.80,         0
0000000001,00:00:01,0000001452,   88.90,         0
0000000001,00:00:01,0000001452,   89.00,         0
0000000001,00:00:01,0000001452,   89.10,         0
0000000001,00:00:01,0000001452,   89.20,         0
0000000001,00:00:01,0000001452,   89.30,         0
0000000001,00:00:01,0000001452,   89.40,         0
0000000001,00:00:01,0000001452,   89.50,         0
0000000001,00:00:01,0000001452,   89.60,         0
0000000001,00:00:01,0000001452,   89.70,         0
0000000001,00:00:01,0000001452,   89.80,         0
0000000001,00:00:01,0000001452,   89.90,         0
0000000001,00:00:01,0000001452,   90.00,         0
0000000001,00:00:01,0000001452,   90.10,         0
0000000001,00:00:01,0000001452,   90.20,         0
0000000001,00:00:01,0000001452,   90.30,         0
0000000001,00:00:01,0000001452,   90.40,         0
0000000001,00:00:01,0000001452,   90.50,         0
0000000001,00:00:01,0000001452,   90.60,         0
0000000001,00:00:01,0000001452,   90.70,         0
0000000001,00:00:01,0000001452,   90.80,         0
0000000001,00:00:01,0000001452,   90.90,         0
0000000001,00:00:01,0000001452,   91.00,         0
0000000001,00:00:01,0000001452,   91.10,         0
0000000001,00:00:01,0000001452,   91.20,         0
0000000001,00:00:01,0000001452,   91.30,         0
0000000001,00:00:01,0000001452,   91.40,         0
0000000001,00:00:01,0000001452,   91.50,         0
0000000001,00:00:01,0000001452,   91.60,         0
0000000001,00:00:01,0000001452,   91.70,         0
0000000001,00:00:01,0000001452,   91.80,         0
0000000001,00:00:01,0000001452,   91.90,         0
0000000001,00:00:01,0000001452,   92.00,         0
0000000001,00:00:01,0000001452,   92.10,         0
0000000001,00:00:01,0000001452,   92.20,         0
0000000001,00:00:01,0000001452,   92.30,         0
0000000001,00:00:01,0000001452,   92.40,         0
0000000001,00:00:01,0000001452,   92.50,         0
0000000001,00:00:01,0000001452,   92.60,         0
0000000001,00:00:01,0000001452,   92.70,         0
0000000001,00:00:01,0000001452,   92.80,         0
0000000001,00:00:01,0000001452,   92.90,         0
0000000001,00:00:01,0000001452,   93.00,         0
0000000001,00:00:01,0000001452,   93.10,         0
0000000001,00:00:01,0000001452,   93.20,         0
0000000001,00:00:01,0000001452,   93.30,         0
0000000001,00:00:01,0000001452,   93.40,         0
0000000001,00:00:01,0000001452,   93.50,         0
0000000001,00:00:01,0000001452,   93.60,         0
0000000001,00:00:01,0000001452,   93.70,         0
0000000001,00:00:01,0000001452,   93.80,         0
0000000001,00:00:01,0000001452,   93.90,         0
0000000001,00:00:01,0000001452,   94.00,         0
0000000001,00:00:01,0000001452,   94.10,         0
0000000001,00:00:01,0000001452,   94.20,         0
0000000001,00:00:01,0000001452,   94.30,         0
0000000001,00:00:01,0000001452,   94.40,         0
0000000001,00:00:01,0000001452,   94.50,         0
0000000001,00:00:01,0000001452,   94.60,         0
0000000001,00:00:01,0000001452,   94.70,         0
0000000001,00:00:01,0000001452,   94.80,         0
0000000001,00:00:01,0000001452,   94.90,         0
0000000001,00:00:01,0000001452,   95.00,         0
0000000001,00:00:01,0000001452,   95.10,         0
0000000001,00:00:01,0000001452,   95.20,         0
0000000001,00:00:01,0000001452,   95.30,         0
0000000001,00:00:01,0000001452,   95.40,         0
0000000001,00:00:01,0000001452,   95.50,         0
0000000001,00:00:01,0000001452,   95.60,         0
0000000001,00:00:01,0000001452,   95.70,         0
0000000001,00:00:01,0000001452,   95.80,         0
0000000001,00:00:01,0000001452,   95.90,         0
0000000001,00:00:01,0000001452,   96.00,         0
0000000001,00:00:01,0000001452,   96.10,         0
0000000001,00:00:01,0000001452,   96.20,         0
0000000001,00:00:01,0000001452,   96.30,         0
0000000001,00:00:01,0000001452,   96.40,         0
0000000001,00:00:01,0000001452,   96.50,         0
0000000001,00:00:01,0000001452,   96.60,         0
0000000001,00:00:01,0000001452,   96.70,         0
0000000001,00:00:01,0000001452,   96.80,         0
0000000001,00:00:01,0000001452,   96.90,         0
0000000001,00:00:01,0000001452,   97.00,         0
0000000001,00:00:01,0000001452,   97.10,         0
0000000001,00:00:01,0000001452,   97.20,         0
0000000001,00:00:01,0000001452,   97.30,         0
0000000001,00:00:01,0000001452,   97.40,         0
0000000001,00:00:01,0000001452,   97.50,         0
0000000001,00:00:01,0000001452,   97.60,         0
0000000001,00:00:01,0000001452,   97.70,         0
0000000001,00:00:01,0000001452,   97.80,         0
0000000001,00:00:01,0000001452,   97.90,         0
0000000001,00:00:01,0000001452,   98.00,         0
0000000001,00:00:01,0000001452,   98.10,         0
0000000001,00:00:01,0000001452,   98.20,         0
0000000001,00:00:01,0000001452,   98.30,         0
0000000001,00:00:01,0000001452,   98.40,         0
0000000001,00:00:01,0000001452,   98.50,         0
0000000001,00:00:01,0000001452,   98.60,         0
0000000001,00:00:01,0000001452,   98.70,         0
0000000001,00:00:01,0000001452,   98.80,         0
0000000001,00:00:01,0000001452,   98.90,         0
0000000001,00:00:01,0000001452,   99.00,         0
0000000001,00:00:01,0000001452,   99.10,         0
0000000001,00:00:01,0000001452,   99.20,         0
0000000001,00:00:01,0000001452,   99.30,         0
0000000001,00:00:01,0000001452,   99.40,         0
0000000001,00:00:01,0000001452,   99.50,         0
0000000001,00:00:01,0000001452,   99.60,         0
0000000001,00:00:01,0000001452,   99.70,         0
0000000001,00:00:01,0000001452,   99.80,         0
0000000001,00:00:01,0000001452,   99.90,         0
0000000001,00:00:01,0000001452,  100.00,         0
